{
  "metadata": {
    "timestamp": "2025-12-28T16:44:21.561313",
    "n_samples": 50,
    "k_value": 10,
    "total_games": 20024,
    "embedding_type": "tfidf",
    "embedding_dim": 100
  },
  "ranking_metrics": [
    {
      "model": "Content-Based (Cosine Similarity)",
      "avg_precision_at_k": 0.934,
      "avg_recall_at_k": 1.0,
      "avg_ndcg_at_k": 0.977929907152841,
      "samples_tested": 50,
      "rmse": 0.3163612887142362,
      "mae": 0.27646389086562995
    },
    {
      "model": "Hybrid (Content + Quality)",
      "avg_precision_at_k": 0.91,
      "avg_recall_at_k": 1.0,
      "avg_ndcg_at_k": 0.9612362787996812,
      "samples_tested": 50,
      "rmse": 0.3163612887142362,
      "mae": 0.27646389086562995
    },
    {
      "model": "Popularity Baseline",
      "avg_precision_at_k": 0.488,
      "avg_recall_at_k": 0.98,
      "avg_ndcg_at_k": 0.7150150572072856,
      "samples_tested": 50,
      "rmse": 0.20682980403247073,
      "mae": 0.17703860544434094
    }
  ]
}